entityType,entityId,chunkId
Product,P015,CH001
Product,P021,CH001
Product,P022,CH001
Product,P023,CH001
Product,P024,CH001
Product,P025,CH001
Product,P026,CH001
Product,P027,CH001
Product,P029,CH001
Product,P031,CH001
Product,P034,CH001
Product,P042,CH001
Product,P130,CH001
Product,P258,CH002
Product,P274,CH002
Product,P274,CH003
Product,P258,CH007
Product,P147,CH012
Product,P020,CH018
Product,P028,CH023
Product,P030,CH023
Product,P032,CH023
Product,P033,CH023
Product,P131,CH023
Product,P146,CH023
Product,P148,CH023
Product,P149,CH023
Product,P150,CH023
Product,P151,CH023
Product,P152,CH023
Product,P153,CH023
Product,P292,CH023
Product,P294,CH023
Product,P295,CH023
Product,P297,CH023
Product,P298,CH023
Product,P299,CH023
Product,P300,CH023
Product,P301,CH023
Product,P302,CH023
Product,P303,CH023
Product,P147,CH024
Product,P274,CH024
Product,P293,CH024
Product,P296,CH024
Product,P221,CH028
Product,P039,CH029
Product,P176,CH029
Product,P182,CH029
Product,P041,CH030
Product,P081,CH030
Product,P126,CH030
Product,P175,CH030
Product,P177,CH030
Product,P179,CH030
Product,P255,CH030
Product,P256,CH030
Product,P276,CH030
Product,P277,CH030
Product,P279,CH030
Product,P172,CH031
Product,P185,CH031
Product,P178,CH032
Product,P141,CH033
Product,P272,CH033
Product,P216,CH035
Product,P273,CH035
Product,P142,CH036
Product,P145,CH036
Product,P217,CH036
Product,P104,CH037
Product,P016,CH038
Product,P017,CH038
Product,P093,CH038
Product,P162,CH038
Product,P089,CH039
Product,P173,CH039
Product,P278,CH039
Product,P280,CH039
Product,P281,CH039
Product,P288,CH039
Product,P287,CH040
Product,P038,CH041
Product,P110,CH041
Product,P183,CH041
Product,P008,CH042
Product,P088,CH044
Product,P171,CH044
Product,P181,CH046
Product,P251,CH046
Product,P270,CH046
Product,P275,CH047
Product,P037,CH049
Product,P040,CH049
Product,P008,CH050
Product,P044,CH050
Product,P097,CH053
Product,P010,CH055
Product,P169,CH055
Product,P184,CH055
Product,P164,CH056
Product,P168,CH056
Product,P220,CH056
Product,P222,CH056
Product,P249,CH056
Product,P250,CH056
Product,P254,CH056
Product,P285,CH056
Product,P254,CH057
Product,P285,CH057
Product,P009,CH060
Product,P269,CH069
Product,P063,CH070
Product,P088,CH071
Product,P143,CH071
Product,P283,CH071
Product,P289,CH071
Product,P105,CH084
Product,P106,CH084
Product,P107,CH084
Product,P108,CH084
Product,P136,CH090
Product,P060,CH091
Product,P036,CH095
Product,P087,CH095
Product,P142,CH095
Product,P143,CH095
Product,P144,CH095
Product,P145,CH095
Product,P165,CH095
Product,P166,CH095
Product,P167,CH095
Product,P181,CH095
Product,P186,CH095
Product,P187,CH095
Product,P214,CH095
Product,P215,CH095
Product,P236,CH095
Product,P237,CH095
Product,P244,CH095
Product,P248,CH095
Product,P282,CH095
Product,P043,CH096
Product,P095,CH096
Product,P105,CH096
Product,P125,CH096
Product,P129,CH096
Product,P134,CH096
Product,P174,CH096
Product,P180,CH096
Product,P212,CH096
Product,P254,CH096
Product,P257,CH096
Product,P271,CH096
Product,P284,CH096
Product,P286,CH096
Product,P094,CH097
Product,P140,CH097
Product,P170,CH097
Product,P218,CH097
Product,P246,CH097
Product,P247,CH097
Product,P275,CH097
Product,P111,CH113
Product,P050,CH117
Product,P124,CH123
Product,P090,CH124
Product,P100,CH124
Product,P101,CH124
Product,P102,CH124
Product,P052,CH126
Product,P111,CH126
Product,P112,CH126
Product,P052,CH127
Product,P163,CH128
Product,P263,CH128
Product,P092,CH133
Product,P082,CH138
Product,P051,CH154
Product,P112,CH176
Product,P082,CH187
Product,P083,CH188
Product,P084,CH188
Product,P045,CH199
Product,P098,CH199
Product,P099,CH199
Product,P138,CH199
Product,P242,CH199
Product,P252,CH199
Product,P291,CH199
Product,P019,CH201
Product,P011,CH202
Product,P245,CH203
Product,P154,CH204
Product,P260,CH205
Product,P260,CH206
Product,P061,CH212
Product,P155,CH214
Product,P001,CH215
Product,P156,CH217
Product,P259,CH217
Product,P261,CH223
Product,P011,CH224
Product,P011,CH225
Product,P103,CH225
Product,P018,CH226
Product,P011,CH231
Product,P008,CH232
Product,P012,CH232
Product,P035,CH233
Product,P054,CH233
Product,P117,CH233
Product,P137,CH233
Product,P189,CH233
Product,P206,CH233
Product,P207,CH233
Product,P209,CH233
Product,P005,CH234
Product,P057,CH234
Product,P072,CH234
Product,P075,CH234
Product,P128,CH234
Product,P133,CH234
Product,P200,CH234
Product,P057,CH235
Product,P058,CH235
Product,P074,CH235
Product,P096,CH235
Product,P116,CH235
Product,P123,CH235
Product,P127,CH235
Product,P135,CH235
Product,P192,CH235
Product,P194,CH235
Product,P199,CH235
Product,P207,CH235
Product,P209,CH235
Product,P243,CH235
Product,P077,CH236
Product,P078,CH236
Product,P079,CH236
Product,P080,CH236
Product,P123,CH236
Product,P205,CH236
Product,P207,CH236
Product,P056,CH237
Product,P114,CH237
Product,P119,CH237
Product,P197,CH237
Product,P207,CH237
Product,P076,CH238
Product,P204,CH238
Product,P209,CH238
Product,P253,CH238
Product,P007,CH239
Product,P014,CH239
Product,P210,CH239
Product,P240,CH239
Product,P055,CH240
Product,P006,CH249
Product,P239,CH249
Product,P109,CH250
Product,P013,CH251
Product,P054,CH251
Product,P115,CH251
Product,P117,CH251
Product,P139,CH251
Product,P190,CH251
Product,P117,CH255
Product,P008,CH261
Product,P002,CH262
Product,P073,CH262
Product,P200,CH262
Product,P211,CH262
Product,P008,CH263
Product,P204,CH269
Product,P284,CH269
Product,P002,CH270
Product,P003,CH270
Product,P004,CH270
Product,P073,CH270
Product,P076,CH270
Product,P189,CH270
Product,P193,CH270
Product,P200,CH270
Product,P204,CH270
Product,P110,CH271
Product,P191,CH271
Product,P200,CH271
Product,P201,CH271
Product,P202,CH271
Product,P203,CH271
Product,P208,CH271
Product,P213,CH271
Product,P238,CH271
Product,P241,CH271
Product,P013,CH272
Product,P118,CH272
Product,P120,CH272
Product,P121,CH272
Product,P122,CH272
Product,P195,CH272
Product,P196,CH272
Product,P198,CH272
Product,P205,CH272
Product,P206,CH272
Product,P207,CH272
Product,P219,CH272
Product,P188,CH275
Product,P062,CH276
Product,P115,CH276
Product,P071,CH286
Product,P091,CH286
Product,P227,CH286
Product,P266,CH286
Product,P113,CH287
Product,P158,CH287
Product,P223,CH287
Product,P231,CH287
Product,P234,CH287
Product,P047,CH288
Product,P234,CH288
Product,P235,CH288
Product,P053,CH289
Product,P065,CH289
Product,P071,CH289
Product,P223,CH289
Product,P227,CH289
Product,P230,CH289
Product,P266,CH289
Product,P268,CH289
Product,P290,CH289
Product,P053,CH291
Product,P059,CH291
Product,P262,CH291
Product,P226,CH293
Product,P067,CH294
Product,P068,CH294
Product,P069,CH294
Product,P071,CH294
Product,P132,CH294
Product,P224,CH294
Product,P290,CH294
Product,P065,CH295
Product,P069,CH295
Product,P159,CH295
Product,P160,CH295
Product,P161,CH295
Product,P227,CH295
Product,P264,CH295
Product,P266,CH295
Product,P071,CH305
Product,P053,CH306
Product,P065,CH306
Product,P071,CH306
Product,P086,CH310
Product,P065,CH311
Product,P227,CH311
Product,P229,CH311
Product,P233,CH311
Product,P048,CH312
Product,P049,CH312
Product,P065,CH312
Product,P071,CH312
Product,P157,CH312
Product,P227,CH312
Product,P266,CH312
Product,P232,CH314
Product,P085,CH322
Product,P225,CH325
Product,P046,CH327
Product,P070,CH327
Product,P227,CH328
Product,P047,CH329
Product,P265,CH329
Product,P064,CH330
Product,P157,CH330
Product,P064,CH331
Product,P157,CH331
Product,P228,CH331
Product,P267,CH331
Product,P227,CH338
Product,P229,CH339
Product,P233,CH339
Product,P065,CH340
Product,P066,CH340
Product,P064,CH344
RiskFactor,R432,CH002
RiskFactor,R746,CH002
RiskFactor,R119,CH003
RiskFactor,R155,CH003
RiskFactor,R433,CH003
RiskFactor,R639,CH003
RiskFactor,R726,CH003
RiskFactor,R766,CH003
RiskFactor,R143,CH005
RiskFactor,R446,CH005
RiskFactor,R506,CH005
RiskFactor,R613,CH005
RiskFactor,R043,CH006
RiskFactor,R359,CH006
RiskFactor,R417,CH006
RiskFactor,R447,CH006
RiskFactor,R535,CH006
RiskFactor,R767,CH006
RiskFactor,R383,CH007
RiskFactor,R436,CH007
RiskFactor,R523,CH007
RiskFactor,R631,CH007
RiskFactor,R635,CH007
RiskFactor,R771,CH007
RiskFactor,R438,CH008
RiskFactor,R576,CH008
RiskFactor,R623,CH008
RiskFactor,R628,CH008
RiskFactor,R734,CH008
RiskFactor,R121,CH009
RiskFactor,R511,CH009
RiskFactor,R575,CH009
RiskFactor,R619,CH009
RiskFactor,R731,CH009
RiskFactor,R747,CH009
RiskFactor,R762,CH009
RiskFactor,R118,CH010
RiskFactor,R210,CH010
RiskFactor,R456,CH010
RiskFactor,R733,CH010
RiskFactor,R776,CH010
RiskFactor,R207,CH011
RiskFactor,R450,CH011
RiskFactor,R591,CH011
RiskFactor,R632,CH011
RiskFactor,R815,CH011
RiskFactor,R817,CH011
RiskFactor,R037,CH012
RiskFactor,R216,CH012
RiskFactor,R523,CH012
RiskFactor,R815,CH012
RiskFactor,R064,CH013
RiskFactor,R217,CH013
RiskFactor,R218,CH013
RiskFactor,R402,CH013
RiskFactor,R469,CH013
RiskFactor,R689,CH013
RiskFactor,R811,CH013
RiskFactor,R390,CH014
RiskFactor,R507,CH014
RiskFactor,R688,CH014
RiskFactor,R809,CH014
RiskFactor,R832,CH014
RiskFactor,R179,CH015
RiskFactor,R401,CH015
RiskFactor,R427,CH015
RiskFactor,R464,CH015
RiskFactor,R696,CH015
RiskFactor,R414,CH016
RiskFactor,R477,CH016
RiskFactor,R489,CH016
RiskFactor,R591,CH016
RiskFactor,R695,CH016
RiskFactor,R240,CH017
RiskFactor,R292,CH017
RiskFactor,R429,CH017
RiskFactor,R477,CH017
RiskFactor,R036,CH018
RiskFactor,R037,CH018
RiskFactor,R238,CH018
RiskFactor,R678,CH018
RiskFactor,R819,CH018
RiskFactor,R192,CH019
RiskFactor,R460,CH019
RiskFactor,R596,CH019
RiskFactor,R615,CH019
RiskFactor,R732,CH019
RiskFactor,R380,CH020
RiskFactor,R568,CH020
RiskFactor,R596,CH020
RiskFactor,R634,CH020
RiskFactor,R722,CH020
RiskFactor,R745,CH020
RiskFactor,R142,CH021
RiskFactor,R315,CH021
RiskFactor,R461,CH021
RiskFactor,R844,CH021
RiskFactor,R140,CH022
RiskFactor,R755,CH022
RiskFactor,R793,CH022
RiskFactor,R799,CH022
RiskFactor,R317,CH023
RiskFactor,R498,CH023
RiskFactor,R380,CH025
RiskFactor,R476,CH026
RiskFactor,R514,CH026
RiskFactor,R834,CH026
RiskFactor,R315,CH027
RiskFactor,R442,CH027
RiskFactor,R209,CH031
RiskFactor,R182,CH032
RiskFactor,R181,CH033
RiskFactor,R592,CH034
RiskFactor,R787,CH034
RiskFactor,R512,CH035
RiskFactor,R704,CH035
RiskFactor,R104,CH037
RiskFactor,R105,CH037
RiskFactor,R107,CH037
RiskFactor,R110,CH038
RiskFactor,R111,CH038
RiskFactor,R112,CH038
RiskFactor,R113,CH038
RiskFactor,R211,CH039
RiskFactor,R560,CH039
RiskFactor,R609,CH039
RiskFactor,R768,CH039
RiskFactor,R347,CH040
RiskFactor,R582,CH040
RiskFactor,R610,CH040
RiskFactor,R721,CH040
RiskFactor,R120,CH041
RiskFactor,R196,CH041
RiskFactor,R431,CH042
RiskFactor,R564,CH042
RiskFactor,R438,CH047
RiskFactor,R612,CH047
RiskFactor,R876,CH047
RiskFactor,R012,CH048
RiskFactor,R046,CH048
RiskFactor,R091,CH048
RiskFactor,R230,CH048
RiskFactor,R563,CH048
RiskFactor,R610,CH048
RiskFactor,R089,CH049
RiskFactor,R090,CH049
RiskFactor,R328,CH049
RiskFactor,R462,CH049
RiskFactor,R025,CH050
RiskFactor,R188,CH050
RiskFactor,R462,CH050
RiskFactor,R547,CH050
RiskFactor,R614,CH050
RiskFactor,R806,CH050
RiskFactor,R175,CH051
RiskFactor,R280,CH051
RiskFactor,R372,CH051
RiskFactor,R389,CH051
RiskFactor,R533,CH051
RiskFactor,R179,CH052
RiskFactor,R282,CH052
RiskFactor,R351,CH052
RiskFactor,R399,CH052
RiskFactor,R565,CH052
RiskFactor,R627,CH052
RiskFactor,R770,CH052
RiskFactor,R167,CH053
RiskFactor,R174,CH053
RiskFactor,R180,CH053
RiskFactor,R472,CH053
RiskFactor,R483,CH053
RiskFactor,R727,CH053
RiskFactor,R017,CH054
RiskFactor,R224,CH054
RiskFactor,R396,CH054
RiskFactor,R729,CH054
RiskFactor,R009,CH055
RiskFactor,R219,CH055
RiskFactor,R465,CH055
RiskFactor,R687,CH055
RiskFactor,R011,CH056
RiskFactor,R015,CH056
RiskFactor,R572,CH056
RiskFactor,R633,CH056
RiskFactor,R375,CH057
RiskFactor,R437,CH057
RiskFactor,R484,CH057
RiskFactor,R561,CH057
RiskFactor,R621,CH057
RiskFactor,R748,CH057
RiskFactor,R032,CH058
RiskFactor,R098,CH058
RiskFactor,R245,CH058
RiskFactor,R355,CH058
RiskFactor,R826,CH058
RiskFactor,R008,CH059
RiskFactor,R244,CH059
RiskFactor,R246,CH059
RiskFactor,R339,CH059
RiskFactor,R364,CH059
RiskFactor,R604,CH059
RiskFactor,R013,CH060
RiskFactor,R079,CH060
RiskFactor,R176,CH060
RiskFactor,R192,CH060
RiskFactor,R272,CH060
RiskFactor,R479,CH060
RiskFactor,R807,CH060
RiskFactor,R026,CH061
RiskFactor,R373,CH061
RiskFactor,R436,CH061
RiskFactor,R473,CH061
RiskFactor,R027,CH062
RiskFactor,R434,CH062
RiskFactor,R686,CH062
RiskFactor,R816,CH062
RiskFactor,R027,CH063
RiskFactor,R066,CH063
RiskFactor,R161,CH063
RiskFactor,R356,CH063
RiskFactor,R461,CH063
RiskFactor,R647,CH063
RiskFactor,R720,CH063
RiskFactor,R085,CH064
RiskFactor,R363,CH064
RiskFactor,R367,CH064
RiskFactor,R783,CH064
RiskFactor,R824,CH064
RiskFactor,R315,CH065
RiskFactor,R761,CH065
RiskFactor,R782,CH065
RiskFactor,R881,CH065
RiskFactor,R315,CH066
RiskFactor,R316,CH066
RiskFactor,R277,CH069
RiskFactor,R701,CH071
RiskFactor,R716,CH071
RiskFactor,R841,CH071
RiskFactor,R454,CH073
RiskFactor,R626,CH073
RiskFactor,R275,CH080
RiskFactor,R315,CH080
RiskFactor,R140,CH081
RiskFactor,R144,CH081
RiskFactor,R153,CH081
RiskFactor,R275,CH081
RiskFactor,R442,CH081
RiskFactor,R416,CH087
RiskFactor,R801,CH088
RiskFactor,R828,CH089
RiskFactor,R834,CH089
RiskFactor,R830,CH091
RiskFactor,R338,CH092
RiskFactor,R474,CH092
RiskFactor,R700,CH099
RiskFactor,R835,CH099
RiskFactor,R719,CH101
RiskFactor,R081,CH102
RiskFactor,R059,CH103
RiskFactor,R126,CH103
RiskFactor,R138,CH103
RiskFactor,R059,CH104
RiskFactor,R166,CH104
RiskFactor,R603,CH104
RiskFactor,R571,CH105
RiskFactor,R349,CH106
RiskFactor,R577,CH106
RiskFactor,R055,CH107
RiskFactor,R231,CH107
RiskFactor,R054,CH108
RiskFactor,R172,CH108
RiskFactor,R296,CH108
RiskFactor,R867,CH108
RiskFactor,R297,CH109
RiskFactor,R343,CH109
RiskFactor,R559,CH109
RiskFactor,R836,CH109
RiskFactor,R865,CH109
RiskFactor,R268,CH110
RiskFactor,R326,CH110
RiskFactor,R382,CH110
RiskFactor,R029,CH111
RiskFactor,R270,CH111
RiskFactor,R302,CH111
RiskFactor,R381,CH111
RiskFactor,R063,CH112
RiskFactor,R342,CH112
RiskFactor,R608,CH112
RiskFactor,R684,CH112
RiskFactor,R084,CH113
RiskFactor,R092,CH113
RiskFactor,R295,CH113
RiskFactor,R386,CH113
RiskFactor,R345,CH114
RiskFactor,R553,CH114
RiskFactor,R749,CH115
RiskFactor,R663,CH116
RiskFactor,R723,CH116
RiskFactor,R254,CH117
RiskFactor,R497,CH117
RiskFactor,R868,CH117
RiskFactor,R493,CH118
RiskFactor,R618,CH118
RiskFactor,R829,CH119
RiskFactor,R093,CH120
RiskFactor,R201,CH120
RiskFactor,R257,CH120
RiskFactor,R697,CH120
RiskFactor,R879,CH121
RiskFactor,R102,CH122
RiskFactor,R164,CH122
RiskFactor,R683,CH123
RiskFactor,R215,CH124
RiskFactor,R259,CH124
RiskFactor,R657,CH125
RiskFactor,R541,CH126
RiskFactor,R743,CH126
RiskFactor,R103,CH127
RiskFactor,R200,CH127
RiskFactor,R251,CH127
RiskFactor,R227,CH128
RiskFactor,R256,CH128
RiskFactor,R694,CH128
RiskFactor,R710,CH128
RiskFactor,R099,CH129
RiskFactor,R263,CH129
RiskFactor,R271,CH129
RiskFactor,R303,CH129
RiskFactor,R573,CH129
RiskFactor,R050,CH130
RiskFactor,R228,CH130
RiskFactor,R410,CH130
RiskFactor,R419,CH130
RiskFactor,R740,CH130
RiskFactor,R803,CH130
RiskFactor,R854,CH130
RiskFactor,R855,CH130
RiskFactor,R856,CH130
RiskFactor,R002,CH131
RiskFactor,R003,CH131
RiskFactor,R336,CH131
RiskFactor,R673,CH131
RiskFactor,R851,CH131
RiskFactor,R459,CH132
RiskFactor,R679,CH132
RiskFactor,R028,CH133
RiskFactor,R459,CH133
RiskFactor,R585,CH133
RiskFactor,R677,CH133
RiskFactor,R863,CH133
RiskFactor,R186,CH134
RiskFactor,R255,CH134
RiskFactor,R301,CH134
RiskFactor,R348,CH134
RiskFactor,R537,CH134
RiskFactor,R551,CH134
RiskFactor,R586,CH134
RiskFactor,R753,CH134
RiskFactor,R862,CH134
RiskFactor,R883,CH134
RiskFactor,R173,CH135
RiskFactor,R400,CH135
RiskFactor,R418,CH135
RiskFactor,R427,CH135
RiskFactor,R524,CH135
RiskFactor,R574,CH135
RiskFactor,R680,CH135
RiskFactor,R805,CH135
RiskFactor,R810,CH135
RiskFactor,R812,CH135
RiskFactor,R838,CH135
RiskFactor,R169,CH136
RiskFactor,R226,CH136
RiskFactor,R253,CH136
RiskFactor,R536,CH136
RiskFactor,R540,CH136
RiskFactor,R170,CH137
RiskFactor,R171,CH137
RiskFactor,R426,CH137
RiskFactor,R554,CH137
RiskFactor,R831,CH137
RiskFactor,R213,CH138
RiskFactor,R532,CH138
RiskFactor,R555,CH138
RiskFactor,R556,CH138
RiskFactor,R558,CH138
RiskFactor,R606,CH138
RiskFactor,R212,CH139
RiskFactor,R552,CH139
RiskFactor,R735,CH139
RiskFactor,R880,CH139
RiskFactor,R082,CH140
RiskFactor,R266,CH140
RiskFactor,R344,CH140
RiskFactor,R662,CH140
RiskFactor,R707,CH140
RiskFactor,R736,CH140
RiskFactor,R056,CH141
RiskFactor,R071,CH141
RiskFactor,R266,CH141
RiskFactor,R384,CH141
RiskFactor,R480,CH141
RiskFactor,R269,CH142
RiskFactor,R617,CH142
RiskFactor,R260,CH143
RiskFactor,R642,CH143
RiskFactor,R656,CH143
RiskFactor,R713,CH143
RiskFactor,R718,CH143
RiskFactor,R846,CH143
RiskFactor,R875,CH143
RiskFactor,R428,CH144
RiskFactor,R525,CH144
RiskFactor,R645,CH144
RiskFactor,R848,CH144
RiskFactor,R526,CH145
RiskFactor,R760,CH145
RiskFactor,R060,CH146
RiskFactor,R122,CH146
RiskFactor,R198,CH146
RiskFactor,R413,CH146
RiskFactor,R737,CH146
RiskFactor,R842,CH146
RiskFactor,R309,CH147
RiskFactor,R515,CH147
RiskFactor,R544,CH147
RiskFactor,R754,CH147
RiskFactor,R759,CH147
RiskFactor,R308,CH148
RiskFactor,R581,CH148
RiskFactor,R544,CH149
RiskFactor,R580,CH149
RiskFactor,R385,CH150
RiskFactor,R544,CH150
RiskFactor,R228,CH151
RiskFactor,R276,CH151
RiskFactor,R738,CH151
RiskFactor,R839,CH151
RiskFactor,R157,CH152
RiskFactor,R405,CH152
RiskFactor,R771,CH152
RiskFactor,R878,CH152
RiskFactor,R062,CH153
RiskFactor,R083,CH153
RiskFactor,R411,CH153
RiskFactor,R543,CH153
RiskFactor,R644,CH153
RiskFactor,R706,CH153
RiskFactor,R057,CH154
RiskFactor,R227,CH154
RiskFactor,R421,CH154
RiskFactor,R644,CH154
RiskFactor,R708,CH154
RiskFactor,R870,CH154
RiskFactor,R660,CH155
RiskFactor,R858,CH155
RiskFactor,R860,CH155
RiskFactor,R429,CH156
RiskFactor,R665,CH156
RiskFactor,R852,CH156
RiskFactor,R004,CH157
RiskFactor,R005,CH157
RiskFactor,R264,CH157
RiskFactor,R527,CH157
RiskFactor,R566,CH157
RiskFactor,R664,CH157
RiskFactor,R324,CH158
RiskFactor,R578,CH158
RiskFactor,R443,CH159
RiskFactor,R579,CH159
RiskFactor,R714,CH161
RiskFactor,R871,CH161
RiskFactor,R538,CH162
RiskFactor,R486,CH163
RiskFactor,R539,CH163
RiskFactor,R557,CH163
RiskFactor,R672,CH163
RiskFactor,R061,CH164
RiskFactor,R137,CH164
RiskFactor,R156,CH164
RiskFactor,R050,CH165
RiskFactor,R274,CH166
RiskFactor,R050,CH169
RiskFactor,R229,CH169
RiskFactor,R335,CH169
RiskFactor,R491,CH169
RiskFactor,R864,CH169
RiskFactor,R059,CH170
RiskFactor,R664,CH170
RiskFactor,R307,CH171
RiskFactor,R488,CH171
RiskFactor,R667,CH171
RiskFactor,R128,CH172
RiskFactor,R857,CH172
RiskFactor,R305,CH173
RiskFactor,R860,CH173
RiskFactor,R065,CH174
RiskFactor,R666,CH174
RiskFactor,R861,CH174
RiskFactor,R067,CH175
RiskFactor,R127,CH175
RiskFactor,R205,CH175
RiskFactor,R232,CH175
RiskFactor,R130,CH178
RiskFactor,R129,CH179
RiskFactor,R636,CH179
RiskFactor,R641,CH179
RiskFactor,R646,CH180
RiskFactor,R788,CH180
RiskFactor,R030,CH181
RiskFactor,R096,CH181
RiskFactor,R637,CH181
RiskFactor,R265,CH182
RiskFactor,R843,CH182
RiskFactor,R872,CH182
RiskFactor,R001,CH183
RiskFactor,R660,CH184
RiskFactor,R252,CH185
RiskFactor,R521,CH185
RiskFactor,R529,CH185
RiskFactor,R847,CH185
RiskFactor,R250,CH186
RiskFactor,R528,CH186
RiskFactor,R661,CH186
RiskFactor,R877,CH186
RiskFactor,R214,CH187
RiskFactor,R346,CH187
RiskFactor,R717,CH187
RiskFactor,R482,CH188
RiskFactor,R530,CH188
RiskFactor,R837,CH188
RiskFactor,R420,CH189
RiskFactor,R531,CH189
RiskFactor,R675,CH189
RiskFactor,R866,CH189
RiskFactor,R095,CH190
RiskFactor,R268,CH190
RiskFactor,R442,CH190
RiskFactor,R131,CH191
RiskFactor,R145,CH191
RiskFactor,R258,CH191
RiskFactor,R850,CH191
RiskFactor,R850,CH192
RiskFactor,R853,CH192
RiskFactor,R085,CH193
RiskFactor,R261,CH193
RiskFactor,R849,CH193
RiskFactor,R262,CH194
RiskFactor,R270,CH194
RiskFactor,R495,CH194
RiskFactor,R858,CH194
RiskFactor,R270,CH195
RiskFactor,R049,CH196
RiskFactor,R650,CH196
RiskFactor,R652,CH196
RiskFactor,R859,CH196
RiskFactor,R873,CH196
RiskFactor,R038,CH197
RiskFactor,R058,CH197
RiskFactor,R874,CH197
RiskFactor,R513,CH198
RiskFactor,R602,CH198
RiskFactor,R100,CH200
RiskFactor,R115,CH200
RiskFactor,R725,CH200
RiskFactor,R470,CH201
RiskFactor,R288,CH203
RiskFactor,R438,CH203
RiskFactor,R099,CH204
RiskFactor,R313,CH204
RiskFactor,R357,CH204
RiskFactor,R415,CH204
RiskFactor,R446,CH204
RiskFactor,R584,CH204
RiskFactor,R605,CH204
RiskFactor,R616,CH204
RiskFactor,R693,CH204
RiskFactor,R006,CH205
RiskFactor,R331,CH205
RiskFactor,R693,CH205
RiskFactor,R724,CH205
RiskFactor,R779,CH205
RiskFactor,R218,CH206
RiskFactor,R435,CH206
RiskFactor,R570,CH206
RiskFactor,R821,CH206
RiskFactor,R123,CH207
RiskFactor,R287,CH207
RiskFactor,R311,CH207
RiskFactor,R423,CH207
RiskFactor,R475,CH207
RiskFactor,R545,CH207
RiskFactor,R699,CH207
RiskFactor,R185,CH208
RiskFactor,R189,CH208
RiskFactor,R197,CH208
RiskFactor,R333,CH208
RiskFactor,R458,CH208
RiskFactor,R542,CH208
RiskFactor,R562,CH208
RiskFactor,R742,CH208
RiskFactor,R818,CH208
RiskFactor,R195,CH209
RiskFactor,R496,CH209
RiskFactor,R778,CH209
RiskFactor,R607,CH210
RiskFactor,R765,CH210
RiskFactor,R023,CH211
RiskFactor,R094,CH211
RiskFactor,R024,CH212
RiskFactor,R452,CH212
RiskFactor,R601,CH212
RiskFactor,R840,CH212
RiskFactor,R194,CH213
RiskFactor,R378,CH213
RiskFactor,R477,CH213
RiskFactor,R595,CH213
RiskFactor,R640,CH213
RiskFactor,R649,CH213
RiskFactor,R080,CH214
RiskFactor,R097,CH214
RiskFactor,R517,CH214
RiskFactor,R674,CH214
RiskFactor,R026,CH215
RiskFactor,R478,CH215
RiskFactor,R624,CH215
RiskFactor,R374,CH216
RiskFactor,R790,CH216
RiskFactor,R794,CH216
RiskFactor,R099,CH217
RiskFactor,R354,CH217
RiskFactor,R365,CH217
RiskFactor,R445,CH217
RiskFactor,R449,CH217
RiskFactor,R490,CH217
RiskFactor,R648,CH217
RiskFactor,R310,CH218
RiskFactor,R453,CH218
RiskFactor,R771,CH218
RiskFactor,R321,CH219
RiskFactor,R739,CH219
RiskFactor,R204,CH220
RiskFactor,R404,CH220
RiskFactor,R455,CH220
RiskFactor,R763,CH220
RiskFactor,R792,CH220
RiskFactor,R791,CH221
RiskFactor,R221,CH222
RiskFactor,R337,CH222
RiskFactor,R685,CH222
RiskFactor,R016,CH223
RiskFactor,R408,CH223
RiskFactor,R487,CH223
RiskFactor,R498,CH223
RiskFactor,R709,CH223
RiskFactor,R315,CH224
RiskFactor,R407,CH224
RiskFactor,R315,CH225
RiskFactor,R332,CH225
RiskFactor,R741,CH225
RiskFactor,R406,CH226
RiskFactor,R249,CH227
RiskFactor,R051,CH229
RiskFactor,R320,CH229
RiskFactor,R366,CH229
RiskFactor,R422,CH229
RiskFactor,R643,CH229
RiskFactor,R768,CH229
RiskFactor,R442,CH230
RiskFactor,R273,CH231
RiskFactor,R315,CH231
RiskFactor,R441,CH231
RiskFactor,R654,CH233
RiskFactor,R108,CH235
RiskFactor,R101,CH237
RiskFactor,R208,CH238
RiskFactor,R298,CH239
RiskFactor,R550,CH239
RiskFactor,R774,CH239
RiskFactor,R438,CH240
RiskFactor,R804,CH240
RiskFactor,R021,CH241
RiskFactor,R291,CH241
RiskFactor,R387,CH241
RiskFactor,R241,CH242
RiskFactor,R785,CH242
RiskFactor,R023,CH246
RiskFactor,R027,CH246
RiskFactor,R042,CH246
RiskFactor,R047,CH246
RiskFactor,R050,CH246
RiskFactor,R082,CH246
RiskFactor,R106,CH246
RiskFactor,R116,CH246
RiskFactor,R159,CH246
RiskFactor,R168,CH246
RiskFactor,R183,CH246
RiskFactor,R191,CH246
RiskFactor,R243,CH246
RiskFactor,R286,CH246
RiskFactor,R300,CH246
RiskFactor,R434,CH246
RiskFactor,R446,CH246
RiskFactor,R567,CH246
RiskFactor,R620,CH246
RiskFactor,R691,CH246
RiskFactor,R822,CH246
RiskFactor,R191,CH247
RiskFactor,R300,CH247
RiskFactor,R491,CH247
RiskFactor,R797,CH247
RiskFactor,R099,CH248
RiskFactor,R163,CH248
RiskFactor,R206,CH248
RiskFactor,R750,CH248
RiskFactor,R053,CH249
RiskFactor,R073,CH249
RiskFactor,R114,CH249
RiskFactor,R150,CH249
RiskFactor,R376,CH249
RiskFactor,R451,CH249
RiskFactor,R768,CH249
RiskFactor,R150,CH250
RiskFactor,R207,CH250
RiskFactor,R357,CH250
RiskFactor,R457,CH250
RiskFactor,R773,CH250
RiskFactor,R149,CH251
RiskFactor,R278,CH251
RiskFactor,R325,CH251
RiskFactor,R379,CH251
RiskFactor,R815,CH251
RiskFactor,R822,CH251
RiskFactor,R509,CH252
RiskFactor,R620,CH252
RiskFactor,R730,CH252
RiskFactor,R764,CH252
RiskFactor,R775,CH252
RiskFactor,R027,CH253
RiskFactor,R446,CH253
RiskFactor,R622,CH253
RiskFactor,R162,CH254
RiskFactor,R184,CH254
RiskFactor,R361,CH254
RiskFactor,R409,CH254
RiskFactor,R533,CH254
RiskFactor,R638,CH254
RiskFactor,R769,CH254
RiskFactor,R042,CH255
RiskFactor,R187,CH255
RiskFactor,R341,CH255
RiskFactor,R352,CH255
RiskFactor,R362,CH255
RiskFactor,R728,CH255
RiskFactor,R082,CH256
RiskFactor,R087,CH256
RiskFactor,R360,CH256
RiskFactor,R430,CH256
RiskFactor,R466,CH256
RiskFactor,R569,CH256
RiskFactor,R869,CH256
RiskFactor,R023,CH257
RiskFactor,R463,CH257
RiskFactor,R667,CH257
RiskFactor,R019,CH258
RiskFactor,R020,CH258
RiskFactor,R159,CH258
RiskFactor,R178,CH258
RiskFactor,R222,CH258
RiskFactor,R233,CH258
RiskFactor,R394,CH258
RiskFactor,R590,CH258
RiskFactor,R651,CH258
RiskFactor,R786,CH258
RiskFactor,R825,CH258
RiskFactor,R047,CH259
RiskFactor,R237,CH259
RiskFactor,R285,CH259
RiskFactor,R393,CH259
RiskFactor,R470,CH259
RiskFactor,R516,CH259
RiskFactor,R050,CH260
RiskFactor,R070,CH260
RiskFactor,R116,CH260
RiskFactor,R160,CH260
RiskFactor,R267,CH260
RiskFactor,R293,CH260
RiskFactor,R567,CH260
RiskFactor,R705,CH260
RiskFactor,R845,CH260
RiskFactor,R014,CH261
RiskFactor,R290,CH261
RiskFactor,R358,CH261
RiskFactor,R656,CH261
RiskFactor,R075,CH262
RiskFactor,R077,CH262
RiskFactor,R109,CH262
RiskFactor,R247,CH262
RiskFactor,R289,CH262
RiskFactor,R322,CH262
RiskFactor,R076,CH263
RiskFactor,R078,CH263
RiskFactor,R242,CH263
RiskFactor,R690,CH263
RiskFactor,R010,CH264
RiskFactor,R388,CH264
RiskFactor,R435,CH264
RiskFactor,R013,CH265
RiskFactor,R048,CH265
RiskFactor,R146,CH265
RiskFactor,R191,CH265
RiskFactor,R340,CH265
RiskFactor,R752,CH265
RiskFactor,R074,CH266
RiskFactor,R146,CH266
RiskFactor,R190,CH266
RiskFactor,R281,CH266
RiskFactor,R339,CH266
RiskFactor,R026,CH267
RiskFactor,R191,CH267
RiskFactor,R248,CH267
RiskFactor,R795,CH267
RiskFactor,R068,CH268
RiskFactor,R413,CH268
RiskFactor,R491,CH268
RiskFactor,R802,CH268
RiskFactor,R069,CH269
RiskFactor,R548,CH269
RiskFactor,R625,CH269
RiskFactor,R772,CH269
RiskFactor,R007,CH270
RiskFactor,R022,CH270
RiskFactor,R052,CH270
RiskFactor,R368,CH270
RiskFactor,R711,CH270
RiskFactor,R448,CH271
RiskFactor,R504,CH271
RiskFactor,R072,CH272
RiskFactor,R284,CH272
RiskFactor,R452,CH273
RiskFactor,R510,CH273
RiskFactor,R202,CH274
RiskFactor,R403,CH274
RiskFactor,R353,CH275
RiskFactor,R451,CH275
RiskFactor,R499,CH275
RiskFactor,R022,CH276
RiskFactor,R451,CH276
RiskFactor,R796,CH276
RiskFactor,R312,CH278
RiskFactor,R508,CH278
RiskFactor,R085,CH279
RiskFactor,R315,CH279
RiskFactor,R442,CH279
RiskFactor,R798,CH279
RiskFactor,R315,CH280
RiskFactor,R306,CH281
RiskFactor,R667,CH281
RiskFactor,R377,CH282
RiskFactor,R471,CH283
RiskFactor,R681,CH283
RiskFactor,R882,CH283
RiskFactor,R220,CH284
RiskFactor,R370,CH284
RiskFactor,R304,CH289
RiskFactor,R330,CH290
RiskFactor,R669,CH290
RiskFactor,R085,CH292
RiskFactor,R611,CH292
RiskFactor,R045,CH293
RiskFactor,R378,CH293
RiskFactor,R816,CH293
RiskFactor,R039,CH294
RiskFactor,R040,CH294
RiskFactor,R124,CH294
RiskFactor,R035,CH295
RiskFactor,R192,CH295
RiskFactor,R440,CH295
RiskFactor,R668,CH295
RiskFactor,R031,CH296
RiskFactor,R177,CH296
RiskFactor,R192,CH296
RiskFactor,R240,CH296
RiskFactor,R658,CH296
RiskFactor,R784,CH297
RiskFactor,R833,CH299
RiskFactor,R044,CH300
RiskFactor,R179,CH300
RiskFactor,R193,CH300
RiskFactor,R427,CH300
RiskFactor,R594,CH300
RiskFactor,R823,CH300
RiskFactor,R158,CH301
RiskFactor,R223,CH301
RiskFactor,R534,CH301
RiskFactor,R671,CH301
RiskFactor,R777,CH301
RiskFactor,R780,CH301
RiskFactor,R117,CH302
RiskFactor,R225,CH302
RiskFactor,R294,CH302
RiskFactor,R299,CH302
RiskFactor,R395,CH302
RiskFactor,R412,CH302
RiskFactor,R682,CH302
RiskFactor,R692,CH302
RiskFactor,R781,CH302
RiskFactor,R236,CH303
RiskFactor,R444,CH303
RiskFactor,R600,CH303
RiskFactor,R656,CH303
RiskFactor,R151,CH304
RiskFactor,R235,CH304
RiskFactor,R467,CH304
RiskFactor,R481,CH304
RiskFactor,R492,CH304
RiskFactor,R583,CH304
RiskFactor,R659,CH304
RiskFactor,R744,CH304
RiskFactor,R152,CH305
RiskFactor,R154,CH305
RiskFactor,R715,CH305
RiskFactor,R813,CH305
RiskFactor,R034,CH306
RiskFactor,R124,CH306
RiskFactor,R125,CH306
RiskFactor,R148,CH306
RiskFactor,R279,CH306
RiskFactor,R033,CH307
RiskFactor,R192,CH307
RiskFactor,R283,CH307
RiskFactor,R629,CH307
RiskFactor,R751,CH307
RiskFactor,R192,CH308
RiskFactor,R350,CH308
RiskFactor,R670,CH308
RiskFactor,R397,CH309
RiskFactor,R432,CH309
RiskFactor,R439,CH309
RiskFactor,R438,CH310
RiskFactor,R546,CH310
RiskFactor,R589,CH310
RiskFactor,R597,CH310
RiskFactor,R655,CH310
RiskFactor,R135,CH311
RiskFactor,R520,CH311
RiskFactor,R598,CH311
RiskFactor,R599,CH311
RiskFactor,R018,CH312
RiskFactor,R134,CH312
RiskFactor,R141,CH312
RiskFactor,R587,CH312
RiskFactor,R676,CH312
RiskFactor,R814,CH312
RiskFactor,R147,CH313
RiskFactor,R329,CH313
RiskFactor,R820,CH313
RiskFactor,R391,CH314
RiskFactor,R518,CH314
RiskFactor,R593,CH314
RiskFactor,R630,CH314
RiskFactor,R392,CH315
RiskFactor,R369,CH316
RiskFactor,R446,CH316
RiskFactor,R758,CH316
RiskFactor,R060,CH317
RiskFactor,R318,CH317
RiskFactor,R468,CH317
RiskFactor,R505,CH317
RiskFactor,R686,CH317
RiskFactor,R808,CH317
RiskFactor,R086,CH318
RiskFactor,R088,CH318
RiskFactor,R132,CH318
RiskFactor,R239,CH318
RiskFactor,R398,CH318
RiskFactor,R131,CH319
RiskFactor,R413,CH319
RiskFactor,R137,CH320
RiskFactor,R234,CH320
RiskFactor,R783,CH320
RiskFactor,R789,CH320
RiskFactor,R795,CH320
RiskFactor,R424,CH321
RiskFactor,R469,CH321
RiskFactor,R175,CH322
RiskFactor,R425,CH322
RiskFactor,R667,CH322
RiskFactor,R712,CH322
RiskFactor,R041,CH323
RiskFactor,R500,CH323
RiskFactor,R315,CH325
RiskFactor,R314,CH327
RiskFactor,R522,CH327
RiskFactor,R588,CH327
RiskFactor,R698,CH327
RiskFactor,R334,CH328
RiskFactor,R703,CH328
RiskFactor,R133,CH329
RiskFactor,R327,CH329
RiskFactor,R827,CH329
RiskFactor,R136,CH330
RiskFactor,R502,CH330
RiskFactor,R050,CH331
RiskFactor,R135,CH331
RiskFactor,R323,CH333
RiskFactor,R653,CH333
RiskFactor,R138,CH336
RiskFactor,R199,CH336
RiskFactor,R137,CH337
RiskFactor,R165,CH337
RiskFactor,R485,CH337
RiskFactor,R139,CH338
RiskFactor,R478,CH339
RiskFactor,R827,CH339
RiskFactor,R133,CH340
RiskFactor,R501,CH340
RiskFactor,R519,CH340
RiskFactor,R203,CH341
RiskFactor,R319,CH341
RiskFactor,R404,CH341
RiskFactor,R503,CH341
RiskFactor,R834,CH341
RiskFactor,R371,CH342
RiskFactor,R494,CH342
RiskFactor,R702,CH342
RiskFactor,R757,CH342
RiskFactor,R800,CH342
RiskFactor,R513,CH343
RiskFactor,R442,CH344
RiskFactor,R273,CH345
RiskFactor,R315,CH345
RiskFactor,R549,CH346
RiskFactor,R756,CH346
FinancialMetric,FM273,CH002
FinancialMetric,FM403,CH002
FinancialMetric,FM360,CH004
FinancialMetric,FM090,CH023
FinancialMetric,FM278,CH023
FinancialMetric,FM304,CH023
FinancialMetric,FM379,CH023
FinancialMetric,FM436,CH023
FinancialMetric,FM498,CH023
FinancialMetric,FM621,CH023
FinancialMetric,FM657,CH023
FinancialMetric,FM717,CH023
FinancialMetric,FM719,CH023
FinancialMetric,FM451,CH024
FinancialMetric,FM606,CH024
FinancialMetric,FM607,CH024
FinancialMetric,FM714,CH024
FinancialMetric,FM715,CH024
FinancialMetric,FM716,CH024
FinancialMetric,FM767,CH024
FinancialMetric,FM768,CH024
FinancialMetric,FM779,CH024
FinancialMetric,FM844,CH024
FinancialMetric,FM873,CH024
FinancialMetric,FM874,CH024
FinancialMetric,FM165,CH025
FinancialMetric,FM176,CH025
FinancialMetric,FM283,CH025
FinancialMetric,FM335,CH025
FinancialMetric,FM575,CH025
FinancialMetric,FM651,CH025
FinancialMetric,FM700,CH025
FinancialMetric,FM780,CH025
FinancialMetric,FM244,CH026
FinancialMetric,FM245,CH026
FinancialMetric,FM452,CH026
FinancialMetric,FM453,CH026
FinancialMetric,FM571,CH026
FinancialMetric,FM572,CH026
FinancialMetric,FM621,CH026
FinancialMetric,FM432,CH027
FinancialMetric,FM457,CH027
FinancialMetric,FM750,CH027
FinancialMetric,FM142,CH031
FinancialMetric,FM579,CH031
FinancialMetric,FM230,CH032
FinancialMetric,FM434,CH032
FinancialMetric,FM467,CH032
FinancialMetric,FM728,CH032
FinancialMetric,FM687,CH033
FinancialMetric,FM817,CH033
FinancialMetric,FM583,CH034
FinancialMetric,FM584,CH034
FinancialMetric,FM585,CH034
FinancialMetric,FM819,CH034
FinancialMetric,FM820,CH034
FinancialMetric,FM821,CH034
FinancialMetric,FM066,CH050
FinancialMetric,FM541,CH050
FinancialMetric,FM871,CH050
FinancialMetric,FM117,CH066
FinancialMetric,FM272,CH066
FinancialMetric,FM370,CH066
FinancialMetric,FM382,CH066
FinancialMetric,FM549,CH066
FinancialMetric,FM603,CH066
FinancialMetric,FM650,CH066
FinancialMetric,FM686,CH066
FinancialMetric,FM713,CH066
FinancialMetric,FM755,CH066
FinancialMetric,FM192,CH067
FinancialMetric,FM439,CH067
FinancialMetric,FM498,CH067
FinancialMetric,FM610,CH067
FinancialMetric,FM664,CH067
FinancialMetric,FM725,CH067
FinancialMetric,FM751,CH067
FinancialMetric,FM754,CH067
FinancialMetric,FM756,CH067
FinancialMetric,FM775,CH067
FinancialMetric,FM797,CH067
FinancialMetric,FM058,CH068
FinancialMetric,FM075,CH068
FinancialMetric,FM153,CH068
FinancialMetric,FM189,CH068
FinancialMetric,FM190,CH068
FinancialMetric,FM191,CH068
FinancialMetric,FM522,CH068
FinancialMetric,FM524,CH068
FinancialMetric,FM525,CH068
FinancialMetric,FM528,CH068
FinancialMetric,FM664,CH068
FinancialMetric,FM800,CH068
FinancialMetric,FM155,CH069
FinancialMetric,FM281,CH069
FinancialMetric,FM529,CH069
FinancialMetric,FM563,CH069
FinancialMetric,FM050,CH072
FinancialMetric,FM089,CH072
FinancialMetric,FM317,CH072
FinancialMetric,FM443,CH072
FinancialMetric,FM573,CH072
FinancialMetric,FM077,CH073
FinancialMetric,FM287,CH074
FinancialMetric,FM868,CH074
FinancialMetric,FM116,CH077
FinancialMetric,FM271,CH077
FinancialMetric,FM416,CH077
FinancialMetric,FM419,CH077
FinancialMetric,FM496,CH077
FinancialMetric,FM497,CH077
FinancialMetric,FM502,CH077
FinancialMetric,FM515,CH077
FinancialMetric,FM786,CH077
FinancialMetric,FM848,CH077
FinancialMetric,FM171,CH078
FinancialMetric,FM174,CH078
FinancialMetric,FM205,CH078
FinancialMetric,FM269,CH078
FinancialMetric,FM295,CH078
FinancialMetric,FM296,CH078
FinancialMetric,FM351,CH078
FinancialMetric,FM471,CH078
FinancialMetric,FM472,CH078
FinancialMetric,FM774,CH078
FinancialMetric,FM813,CH078
FinancialMetric,FM814,CH078
FinancialMetric,FM143,CH079
FinancialMetric,FM172,CH079
FinancialMetric,FM175,CH079
FinancialMetric,FM268,CH079
FinancialMetric,FM298,CH079
FinancialMetric,FM752,CH079
FinancialMetric,FM758,CH079
FinancialMetric,FM761,CH079
FinancialMetric,FM815,CH079
FinancialMetric,FM206,CH080
FinancialMetric,FM239,CH080
FinancialMetric,FM240,CH080
FinancialMetric,FM763,CH080
FinancialMetric,FM799,CH080
FinancialMetric,FM816,CH080
FinancialMetric,FM257,CH081
FinancialMetric,FM258,CH081
FinancialMetric,FM259,CH081
FinancialMetric,FM260,CH081
FinancialMetric,FM261,CH081
FinancialMetric,FM263,CH081
FinancialMetric,FM264,CH081
FinancialMetric,FM265,CH081
FinancialMetric,FM266,CH081
FinancialMetric,FM293,CH081
FinancialMetric,FM294,CH081
FinancialMetric,FM343,CH081
FinancialMetric,FM344,CH081
FinancialMetric,FM345,CH081
FinancialMetric,FM418,CH081
FinancialMetric,FM465,CH081
FinancialMetric,FM564,CH081
FinancialMetric,FM565,CH081
FinancialMetric,FM256,CH082
FinancialMetric,FM262,CH082
FinancialMetric,FM318,CH082
FinancialMetric,FM380,CH082
FinancialMetric,FM381,CH082
FinancialMetric,FM492,CH082
FinancialMetric,FM493,CH082
FinancialMetric,FM630,CH082
FinancialMetric,FM772,CH082
FinancialMetric,FM179,CH083
FinancialMetric,FM252,CH083
FinancialMetric,FM540,CH083
FinancialMetric,FM542,CH083
FinancialMetric,FM543,CH083
FinancialMetric,FM610,CH083
FinancialMetric,FM773,CH083
FinancialMetric,FM872,CH083
FinancialMetric,FM060,CH084
FinancialMetric,FM061,CH084
FinancialMetric,FM373,CH084
FinancialMetric,FM374,CH084
FinancialMetric,FM375,CH084
FinancialMetric,FM376,CH084
FinancialMetric,FM377,CH084
FinancialMetric,FM410,CH084
FinancialMetric,FM055,CH085
FinancialMetric,FM302,CH085
FinancialMetric,FM411,CH085
FinancialMetric,FM769,CH085
FinancialMetric,FM770,CH085
FinancialMetric,FM771,CH085
FinancialMetric,FM149,CH086
FinancialMetric,FM222,CH086
FinancialMetric,FM250,CH086
FinancialMetric,FM301,CH086
FinancialMetric,FM394,CH086
FinancialMetric,FM444,CH086
FinancialMetric,FM757,CH086
FinancialMetric,FM762,CH086
FinancialMetric,FM283,CH087
FinancialMetric,FM352,CH087
FinancialMetric,FM353,CH087
FinancialMetric,FM506,CH087
FinancialMetric,FM247,CH088
FinancialMetric,FM248,CH088
FinancialMetric,FM249,CH088
FinancialMetric,FM312,CH088
FinancialMetric,FM354,CH088
FinancialMetric,FM491,CH088
FinancialMetric,FM507,CH088
FinancialMetric,FM730,CH088
FinancialMetric,FM052,CH089
FinancialMetric,FM311,CH089
FinancialMetric,FM384,CH089
FinancialMetric,FM391,CH089
FinancialMetric,FM399,CH089
FinancialMetric,FM178,CH090
FinancialMetric,FM246,CH090
FinancialMetric,FM554,CH090
FinancialMetric,FM555,CH090
FinancialMetric,FM632,CH090
FinancialMetric,FM669,CH090
FinancialMetric,FM764,CH090
FinancialMetric,FM798,CH090
FinancialMetric,FM823,CH090
FinancialMetric,FM824,CH090
FinancialMetric,FM825,CH090
FinancialMetric,FM070,CH091
FinancialMetric,FM072,CH091
FinancialMetric,FM314,CH091
FinancialMetric,FM315,CH091
FinancialMetric,FM556,CH091
FinancialMetric,FM557,CH091
FinancialMetric,FM611,CH091
FinancialMetric,FM765,CH091
FinancialMetric,FM783,CH091
FinancialMetric,FM053,CH092
FinancialMetric,FM642,CH092
FinancialMetric,FM718,CH092
FinancialMetric,FM722,CH092
FinancialMetric,FM796,CH092
FinancialMetric,FM267,CH093
FinancialMetric,FM435,CH093
FinancialMetric,FM723,CH093
FinancialMetric,FM759,CH093
FinancialMetric,FM760,CH093
FinancialMetric,FM057,CH094
FinancialMetric,FM402,CH094
FinancialMetric,FM735,CH094
FinancialMetric,FM801,CH094
FinancialMetric,FM847,CH094
FinancialMetric,FM280,CH095
FinancialMetric,FM288,CH095
FinancialMetric,FM308,CH095
FinancialMetric,FM847,CH095
FinancialMetric,FM412,CH096
FinancialMetric,FM413,CH096
FinancialMetric,FM469,CH096
FinancialMetric,FM470,CH096
FinancialMetric,FM604,CH096
FinancialMetric,FM605,CH096
FinancialMetric,FM782,CH096
FinancialMetric,FM827,CH096
FinancialMetric,FM462,CH097
FinancialMetric,FM547,CH097
FinancialMetric,FM712,CH097
FinancialMetric,FM778,CH097
FinancialMetric,FM793,CH097
FinancialMetric,FM118,CH102
FinancialMetric,FM229,CH102
FinancialMetric,FM241,CH103
FinancialMetric,FM339,CH103
FinancialMetric,FM753,CH103
FinancialMetric,FM835,CH103
FinancialMetric,FM836,CH103
FinancialMetric,FM136,CH104
FinancialMetric,FM320,CH104
FinancialMetric,FM366,CH106
FinancialMetric,FM463,CH106
FinancialMetric,FM128,CH114
FinancialMetric,FM225,CH114
FinancialMetric,FM355,CH114
FinancialMetric,FM473,CH114
FinancialMetric,FM474,CH114
FinancialMetric,FM685,CH114
FinancialMetric,FM692,CH114
FinancialMetric,FM693,CH114
FinancialMetric,FM794,CH114
FinancialMetric,FM729,CH115
FinancialMetric,FM208,CH116
FinancialMetric,FM290,CH118
FinancialMetric,FM226,CH119
FinancialMetric,FM392,CH119
FinancialMetric,FM477,CH119
FinancialMetric,FM093,CH120
FinancialMetric,FM231,CH121
FinancialMetric,FM309,CH121
FinancialMetric,FM683,CH121
FinancialMetric,FM684,CH121
FinancialMetric,FM711,CH121
FinancialMetric,FM363,CH122
FinancialMetric,FM464,CH122
FinancialMetric,FM466,CH122
FinancialMetric,FM792,CH122
FinancialMetric,FM867,CH122
FinancialMetric,FM119,CH123
FinancialMetric,FM291,CH123
FinancialMetric,FM625,CH123
FinancialMetric,FM645,CH123
FinancialMetric,FM727,CH123
FinancialMetric,FM791,CH123
FinancialMetric,FM866,CH123
FinancialMetric,FM097,CH124
FinancialMetric,FM389,CH124
FinancialMetric,FM544,CH124
FinancialMetric,FM647,CH124
FinancialMetric,FM810,CH124
FinancialMetric,FM108,CH125
FinancialMetric,FM112,CH125
FinancialMetric,FM656,CH125
FinancialMetric,FM092,CH126
FinancialMetric,FM114,CH126
FinancialMetric,FM203,CH126
FinancialMetric,FM437,CH126
FinancialMetric,FM478,CH126
FinancialMetric,FM111,CH127
FinancialMetric,FM113,CH127
FinancialMetric,FM123,CH127
FinancialMetric,FM513,CH127
FinancialMetric,FM812,CH127
FinancialMetric,FM858,CH130
FinancialMetric,FM865,CH130
FinancialMetric,FM831,CH139
FinancialMetric,FM067,CH145
FinancialMetric,FM068,CH145
FinancialMetric,FM576,CH145
FinancialMetric,FM577,CH145
FinancialMetric,FM578,CH145
FinancialMetric,FM696,CH145
FinancialMetric,FM702,CH145
FinancialMetric,FM703,CH145
FinancialMetric,FM134,CH149
FinancialMetric,FM512,CH149
FinancialMetric,FM533,CH150
FinancialMetric,FM048,CH152
FinancialMetric,FM049,CH152
FinancialMetric,FM859,CH155
FinancialMetric,FM860,CH155
FinancialMetric,FM861,CH155
FinancialMetric,FM862,CH155
FinancialMetric,FM085,CH156
FinancialMetric,FM406,CH156
FinancialMetric,FM407,CH156
FinancialMetric,FM408,CH156
FinancialMetric,FM409,CH156
FinancialMetric,FM856,CH156
FinancialMetric,FM535,CH157
FinancialMetric,FM640,CH157
FinancialMetric,FM641,CH157
FinancialMetric,FM086,CH158
FinancialMetric,FM134,CH158
FinancialMetric,FM324,CH158
FinancialMetric,FM512,CH158
FinancialMetric,FM286,CH159
FinancialMetric,FM476,CH159
FinancialMetric,FM500,CH159
FinancialMetric,FM501,CH159
FinancialMetric,FM510,CH159
FinancialMetric,FM722,CH159
FinancialMetric,FM785,CH159
FinancialMetric,FM209,CH160
FinancialMetric,FM210,CH160
FinancialMetric,FM285,CH160
FinancialMetric,FM393,CH160
FinancialMetric,FM394,CH160
FinancialMetric,FM475,CH160
FinancialMetric,FM498,CH160
FinancialMetric,FM549,CH160
FinancialMetric,FM561,CH160
FinancialMetric,FM568,CH160
FinancialMetric,FM780,CH160
FinancialMetric,FM784,CH160
FinancialMetric,FM863,CH160
FinancialMetric,FM255,CH161
FinancialMetric,FM416,CH161
FinancialMetric,FM417,CH161
FinancialMetric,FM682,CH161
FinancialMetric,FM854,CH161
FinancialMetric,FM864,CH161
FinancialMetric,FM209,CH162
FinancialMetric,FM212,CH162
FinancialMetric,FM283,CH162
FinancialMetric,FM313,CH162
FinancialMetric,FM358,CH162
FinancialMetric,FM396,CH162
FinancialMetric,FM131,CH163
FinancialMetric,FM132,CH163
FinancialMetric,FM210,CH163
FinancialMetric,FM211,CH163
FinancialMetric,FM270,CH163
FinancialMetric,FM811,CH163
FinancialMetric,FM048,CH164
FinancialMetric,FM580,CH164
FinancialMetric,FM677,CH164
FinancialMetric,FM776,CH164
FinancialMetric,FM834,CH164
FinancialMetric,FM102,CH165
FinancialMetric,FM125,CH165
FinancialMetric,FM129,CH165
FinancialMetric,FM655,CH165
FinancialMetric,FM326,CH166
FinancialMetric,FM327,CH166
FinancialMetric,FM328,CH166
FinancialMetric,FM329,CH166
FinancialMetric,FM330,CH166
FinancialMetric,FM331,CH166
FinancialMetric,FM332,CH166
FinancialMetric,FM333,CH166
FinancialMetric,FM334,CH166
FinancialMetric,FM009,CH167
FinancialMetric,FM038,CH167
FinancialMetric,FM039,CH167
FinancialMetric,FM040,CH167
FinancialMetric,FM326,CH167
FinancialMetric,FM678,CH167
FinancialMetric,FM679,CH167
FinancialMetric,FM706,CH167
FinancialMetric,FM707,CH167
FinancialMetric,FM708,CH167
FinancialMetric,FM709,CH167
FinancialMetric,FM185,CH168
FinancialMetric,FM186,CH168
FinancialMetric,FM187,CH168
FinancialMetric,FM207,CH168
FinancialMetric,FM217,CH168
FinancialMetric,FM415,CH168
FinancialMetric,FM595,CH168
FinancialMetric,FM596,CH168
FinancialMetric,FM631,CH168
FinancialMetric,FM838,CH168
FinancialMetric,FM325,CH169
FinancialMetric,FM523,CH169
FinancialMetric,FM526,CH169
FinancialMetric,FM527,CH169
FinancialMetric,FM534,CH169
FinancialMetric,FM135,CH170
FinancialMetric,FM223,CH170
FinancialMetric,FM224,CH170
FinancialMetric,FM243,CH170
FinancialMetric,FM300,CH170
FinancialMetric,FM440,CH170
FinancialMetric,FM482,CH170
FinancialMetric,FM487,CH170
FinancialMetric,FM680,CH170
FinancialMetric,FM026,CH171
FinancialMetric,FM036,CH171
FinancialMetric,FM235,CH171
FinancialMetric,FM666,CH171
FinancialMetric,FM008,CH172
FinancialMetric,FM043,CH172
FinancialMetric,FM044,CH172
FinancialMetric,FM079,CH172
FinancialMetric,FM214,CH172
FinancialMetric,FM233,CH172
FinancialMetric,FM322,CH172
FinancialMetric,FM694,CH172
FinancialMetric,FM695,CH172
FinancialMetric,FM738,CH172
FinancialMetric,FM005,CH173
FinancialMetric,FM007,CH173
FinancialMetric,FM011,CH173
FinancialMetric,FM012,CH173
FinancialMetric,FM013,CH173
FinancialMetric,FM014,CH173
FinancialMetric,FM015,CH173
FinancialMetric,FM018,CH173
FinancialMetric,FM019,CH173
FinancialMetric,FM022,CH173
FinancialMetric,FM025,CH173
FinancialMetric,FM028,CH173
FinancialMetric,FM037,CH173
FinancialMetric,FM220,CH173
FinancialMetric,FM442,CH173
FinancialMetric,FM790,CH173
FinancialMetric,FM010,CH174
FinancialMetric,FM016,CH174
FinancialMetric,FM017,CH174
FinancialMetric,FM020,CH174
FinancialMetric,FM021,CH174
FinancialMetric,FM023,CH174
FinancialMetric,FM024,CH174
FinancialMetric,FM026,CH174
FinancialMetric,FM027,CH174
FinancialMetric,FM030,CH174
FinancialMetric,FM031,CH174
FinancialMetric,FM032,CH174
FinancialMetric,FM033,CH174
FinancialMetric,FM034,CH174
FinancialMetric,FM035,CH174
FinancialMetric,FM126,CH174
FinancialMetric,FM839,CH174
FinancialMetric,FM843,CH174
FinancialMetric,FM003,CH175
FinancialMetric,FM004,CH175
FinancialMetric,FM006,CH175
FinancialMetric,FM043,CH175
FinancialMetric,FM001,CH176
FinancialMetric,FM029,CH176
FinancialMetric,FM041,CH176
FinancialMetric,FM042,CH176
FinancialMetric,FM043,CH176
FinancialMetric,FM044,CH176
FinancialMetric,FM670,CH176
FinancialMetric,FM095,CH177
FinancialMetric,FM096,CH177
FinancialMetric,FM107,CH177
FinancialMetric,FM182,CH177
FinancialMetric,FM367,CH177
FinancialMetric,FM368,CH177
FinancialMetric,FM593,CH177
FinancialMetric,FM613,CH177
FinancialMetric,FM648,CH177
FinancialMetric,FM649,CH177
FinancialMetric,FM665,CH177
FinancialMetric,FM697,CH177
FinancialMetric,FM698,CH177
FinancialMetric,FM699,CH177
FinancialMetric,FM180,CH178
FinancialMetric,FM181,CH178
FinancialMetric,FM183,CH178
FinancialMetric,FM184,CH178
FinancialMetric,FM284,CH178
FinancialMetric,FM365,CH178
FinancialMetric,FM369,CH178
FinancialMetric,FM445,CH178
FinancialMetric,FM446,CH178
FinancialMetric,FM594,CH178
FinancialMetric,FM845,CH178
FinancialMetric,FM846,CH178
FinancialMetric,FM103,CH179
FinancialMetric,FM141,CH179
FinancialMetric,FM306,CH179
FinancialMetric,FM590,CH179
FinancialMetric,FM623,CH179
FinancialMetric,FM624,CH179
FinancialMetric,FM633,CH179
FinancialMetric,FM672,CH179
FinancialMetric,FM673,CH179
FinancialMetric,FM674,CH179
FinancialMetric,FM726,CH179
FinancialMetric,FM115,CH180
FinancialMetric,FM340,CH180
FinancialMetric,FM635,CH180
FinancialMetric,FM637,CH180
FinancialMetric,FM638,CH180
FinancialMetric,FM662,CH180
FinancialMetric,FM663,CH180
FinancialMetric,FM667,CH180
FinancialMetric,FM087,CH181
FinancialMetric,FM138,CH181
FinancialMetric,FM139,CH181
FinancialMetric,FM140,CH181
FinancialMetric,FM639,CH181
FinancialMetric,FM742,CH181
FinancialMetric,FM849,CH182
FinancialMetric,FM002,CH183
FinancialMetric,FM073,CH183
FinancialMetric,FM201,CH183
FinancialMetric,FM321,CH183
FinancialMetric,FM404,CH183
FinancialMetric,FM705,CH183
FinancialMetric,FM710,CH183
FinancialMetric,FM837,CH183
FinancialMetric,FM130,CH184
FinancialMetric,FM319,CH184
FinancialMetric,FM323,CH184
FinancialMetric,FM704,CH184
FinancialMetric,FM706,CH184
FinancialMetric,FM441,CH185
FinancialMetric,FM739,CH186
FinancialMetric,FM740,CH186
FinancialMetric,FM741,CH186
FinancialMetric,FM232,CH187
FinancialMetric,FM236,CH187
FinancialMetric,FM234,CH188
FinancialMetric,FM336,CH188
FinancialMetric,FM438,CH188
FinancialMetric,FM589,CH188
FinancialMetric,FM842,CH188
FinancialMetric,FM071,CH189
FinancialMetric,FM124,CH189
FinancialMetric,FM204,CH189
FinancialMetric,FM237,CH189
FinancialMetric,FM592,CH190
FinancialMetric,FM841,CH190
FinancialMetric,FM289,CH191
FinancialMetric,FM490,CH191
FinancialMetric,FM852,CH191
FinancialMetric,FM853,CH191
FinancialMetric,FM855,CH191
FinancialMetric,FM091,CH192
FinancialMetric,FM094,CH192
FinancialMetric,FM109,CH192
FinancialMetric,FM110,CH192
FinancialMetric,FM219,CH192
FinancialMetric,FM405,CH192
FinancialMetric,FM532,CH192
FinancialMetric,FM566,CH192
FinancialMetric,FM569,CH192
FinancialMetric,FM851,CH192
FinancialMetric,FM850,CH193
FinancialMetric,FM857,CH193
FinancialMetric,FM051,CH195
FinancialMetric,FM591,CH195
FinancialMetric,FM634,CH196
FinancialMetric,FM636,CH196
FinancialMetric,FM100,CH197
FinancialMetric,FM681,CH197
FinancialMetric,FM101,CH198
FinancialMetric,FM274,CH198
FinancialMetric,FM275,CH198
FinancialMetric,FM276,CH198
FinancialMetric,FM277,CH198
FinancialMetric,FM385,CH198
FinancialMetric,FM386,CH198
FinancialMetric,FM387,CH198
FinancialMetric,FM626,CH198
FinancialMetric,FM627,CH198
FinancialMetric,FM628,CH198
FinancialMetric,FM629,CH198
FinancialMetric,FM749,CH198
FinancialMetric,FM818,CH198
FinancialMetric,FM361,CH201
FinancialMetric,FM795,CH219
FinancialMetric,FM431,CH220
FinancialMetric,FM154,CH221
FinancialMetric,FM160,CH221
FinancialMetric,FM162,CH221
FinancialMetric,FM169,CH221
FinancialMetric,FM120,CH222
FinancialMetric,FM121,CH222
FinancialMetric,FM158,CH222
FinancialMetric,FM159,CH222
FinancialMetric,FM161,CH222
FinancialMetric,FM163,CH222
FinancialMetric,FM170,CH222
FinancialMetric,FM612,CH222
FinancialMetric,FM658,CH222
FinancialMetric,FM045,CH223
FinancialMetric,FM194,CH223
FinancialMetric,FM195,CH223
FinancialMetric,FM349,CH223
FinancialMetric,FM423,CH223
FinancialMetric,FM536,CH223
FinancialMetric,FM046,CH224
FinancialMetric,FM047,CH224
FinancialMetric,FM196,CH224
FinancialMetric,FM213,CH224
FinancialMetric,FM342,CH224
FinancialMetric,FM359,CH224
FinancialMetric,FM371,CH224
FinancialMetric,FM424,CH224
FinancialMetric,FM426,CH224
FinancialMetric,FM537,CH224
FinancialMetric,FM538,CH224
FinancialMetric,FM688,CH224
FinancialMetric,FM746,CH224
FinancialMetric,FM780,CH224
FinancialMetric,FM347,CH225
FinancialMetric,FM348,CH225
FinancialMetric,FM724,CH225
FinancialMetric,FM416,CH227
FinancialMetric,FM417,CH227
FinancialMetric,FM444,CH227
FinancialMetric,FM449,CH227
FinancialMetric,FM454,CH227
FinancialMetric,FM567,CH227
FinancialMetric,FM570,CH227
FinancialMetric,FM614,CH227
FinancialMetric,FM292,CH228
FinancialMetric,FM357,CH228
FinancialMetric,FM483,CH228
FinancialMetric,FM484,CH228
FinancialMetric,FM598,CH228
FinancialMetric,FM599,CH228
FinancialMetric,FM600,CH228
FinancialMetric,FM620,CH228
FinancialMetric,FM307,CH229
FinancialMetric,FM356,CH229
FinancialMetric,FM481,CH229
FinancialMetric,FM486,CH229
FinancialMetric,FM520,CH229
FinancialMetric,FM548,CH229
FinancialMetric,FM144,CH230
FinancialMetric,FM346,CH230
FinancialMetric,FM428,CH230
FinancialMetric,FM447,CH230
FinancialMetric,FM468,CH230
FinancialMetric,FM549,CH230
FinancialMetric,FM551,CH230
FinancialMetric,FM297,CH231
FinancialMetric,FM299,CH231
FinancialMetric,FM350,CH231
FinancialMetric,FM427,CH231
FinancialMetric,FM653,CH232
FinancialMetric,FM133,CH237
FinancialMetric,FM671,CH253
FinancialMetric,FM316,CH255
FinancialMetric,FM059,CH257
FinancialMetric,FM177,CH268
FinancialMetric,FM787,CH268
FinancialMetric,FM548,CH270
FinancialMetric,FM668,CH270
FinancialMetric,FM062,CH271
FinancialMetric,FM164,CH271
FinancialMetric,FM238,CH271
FinancialMetric,FM364,CH271
FinancialMetric,FM400,CH271
FinancialMetric,FM429,CH271
FinancialMetric,FM498,CH271
FinancialMetric,FM508,CH271
FinancialMetric,FM642,CH271
FinancialMetric,FM721,CH271
FinancialMetric,FM104,CH272
FinancialMetric,FM105,CH272
FinancialMetric,FM608,CH272
FinancialMetric,FM609,CH272
FinancialMetric,FM383,CH273
FinancialMetric,FM553,CH274
FinancialMetric,FM840,CH274
FinancialMetric,FM127,CH275
FinancialMetric,FM193,CH275
FinancialMetric,FM378,CH275
FinancialMetric,FM382,CH275
FinancialMetric,FM401,CH275
FinancialMetric,FM425,CH275
FinancialMetric,FM504,CH275
FinancialMetric,FM552,CH275
FinancialMetric,FM793,CH275
FinancialMetric,FM063,CH276
FinancialMetric,FM383,CH276
FinancialMetric,FM395,CH276
FinancialMetric,FM397,CH276
FinancialMetric,FM416,CH276
FinancialMetric,FM417,CH276
FinancialMetric,FM430,CH276
FinancialMetric,FM567,CH276
FinancialMetric,FM652,CH276
FinancialMetric,FM690,CH276
FinancialMetric,FM691,CH276
FinancialMetric,FM780,CH276
FinancialMetric,FM098,CH277
FinancialMetric,FM167,CH277
FinancialMetric,FM455,CH277
FinancialMetric,FM481,CH277
FinancialMetric,FM483,CH277
FinancialMetric,FM484,CH277
FinancialMetric,FM485,CH277
FinancialMetric,FM486,CH277
FinancialMetric,FM080,CH278
FinancialMetric,FM081,CH278
FinancialMetric,FM082,CH278
FinancialMetric,FM083,CH278
FinancialMetric,FM137,CH278
FinancialMetric,FM168,CH278
FinancialMetric,FM177,CH278
FinancialMetric,FM242,CH278
FinancialMetric,FM479,CH278
FinancialMetric,FM622,CH278
FinancialMetric,FM642,CH278
FinancialMetric,FM720,CH278
FinancialMetric,FM777,CH278
FinancialMetric,FM828,CH278
FinancialMetric,FM830,CH278
FinancialMetric,FM421,CH279
FinancialMetric,FM433,CH279
FinancialMetric,FM701,CH279
FinancialMetric,FM744,CH279
FinancialMetric,FM056,CH280
FinancialMetric,FM076,CH280
FinancialMetric,FM145,CH282
FinancialMetric,FM146,CH282
FinancialMetric,FM147,CH282
FinancialMetric,FM218,CH282
FinancialMetric,FM221,CH282
FinancialMetric,FM530,CH282
FinancialMetric,FM560,CH282
FinancialMetric,FM869,CH282
FinancialMetric,FM143,CH283
FinancialMetric,FM420,CH283
FinancialMetric,FM450,CH283
FinancialMetric,FM548,CH283
FinancialMetric,FM751,CH283
FinancialMetric,FM775,CH283
FinancialMetric,FM054,CH284
FinancialMetric,FM150,CH284
FinancialMetric,FM156,CH284
FinancialMetric,FM509,CH284
FinancialMetric,FM602,CH284
FinancialMetric,FM870,CH284
FinancialMetric,FM251,CH285
FinancialMetric,FM668,CH285
FinancialMetric,FM197,CH287
FinancialMetric,FM458,CH287
FinancialMetric,FM651,CH293
FinancialMetric,FM414,CH297
FinancialMetric,FM484,CH323
FinancialMetric,FM499,CH323
FinancialMetric,FM505,CH323
FinancialMetric,FM516,CH323
FinancialMetric,FM518,CH323
FinancialMetric,FM519,CH323
FinancialMetric,FM310,CH324
FinancialMetric,FM388,CH324
FinancialMetric,FM422,CH324
FinancialMetric,FM495,CH324
FinancialMetric,FM503,CH324
FinancialMetric,FM517,CH324
FinancialMetric,FM550,CH324
FinancialMetric,FM559,CH324
FinancialMetric,FM781,CH324
FinancialMetric,FM789,CH324
FinancialMetric,FM826,CH324
FinancialMetric,FM494,CH325
FinancialMetric,FM065,CH327
FinancialMetric,FM202,CH327
FinancialMetric,FM545,CH327
FinancialMetric,FM546,CH327
FinancialMetric,FM586,CH327
FinancialMetric,FM675,CH327
FinancialMetric,FM788,CH327
FinancialMetric,FM806,CH327
FinancialMetric,FM227,CH328
FinancialMetric,FM370,CH328
FinancialMetric,FM660,CH328
FinancialMetric,FM686,CH328
FinancialMetric,FM747,CH328
FinancialMetric,FM780,CH328
FinancialMetric,FM802,CH328
FinancialMetric,FM803,CH328
FinancialMetric,FM807,CH328
FinancialMetric,FM215,CH329
FinancialMetric,FM489,CH329
FinancialMetric,FM654,CH329
FinancialMetric,FM743,CH329
FinancialMetric,FM805,CH329
FinancialMetric,FM808,CH329
FinancialMetric,FM198,CH330
FinancialMetric,FM199,CH330
FinancialMetric,FM200,CH330
FinancialMetric,FM459,CH330
FinancialMetric,FM460,CH330
FinancialMetric,FM461,CH330
FinancialMetric,FM587,CH330
FinancialMetric,FM588,CH330
FinancialMetric,FM228,CH331
FinancialMetric,FM372,CH331
FinancialMetric,FM661,CH331
FinancialMetric,FM689,CH331
FinancialMetric,FM748,CH331
FinancialMetric,FM099,CH332
FinancialMetric,FM166,CH332
FinancialMetric,FM282,CH332
FinancialMetric,FM303,CH332
FinancialMetric,FM362,CH332
FinancialMetric,FM567,CH332
FinancialMetric,FM659,CH332
FinancialMetric,FM733,CH332
FinancialMetric,FM157,CH333
FinancialMetric,FM166,CH333
FinancialMetric,FM254,CH333
FinancialMetric,FM480,CH333
FinancialMetric,FM488,CH333
FinancialMetric,FM521,CH333
FinancialMetric,FM531,CH333
FinancialMetric,FM562,CH333
FinancialMetric,FM616,CH333
FinancialMetric,FM734,CH333
FinancialMetric,FM064,CH334
FinancialMetric,FM148,CH334
FinancialMetric,FM253,CH334
FinancialMetric,FM456,CH334
FinancialMetric,FM486,CH334
FinancialMetric,FM488,CH334
FinancialMetric,FM549,CH334
FinancialMetric,FM597,CH334
FinancialMetric,FM615,CH334
FinancialMetric,FM618,CH334
FinancialMetric,FM619,CH334
FinancialMetric,FM620,CH334
FinancialMetric,FM732,CH334
FinancialMetric,FM122,CH335
FinancialMetric,FM173,CH335
FinancialMetric,FM188,CH335
FinancialMetric,FM341,CH335
FinancialMetric,FM480,CH335
FinancialMetric,FM485,CH335
FinancialMetric,FM581,CH335
FinancialMetric,FM582,CH335
FinancialMetric,FM646,CH335
FinancialMetric,FM745,CH335
FinancialMetric,FM078,CH336
FinancialMetric,FM084,CH336
FinancialMetric,FM106,CH336
FinancialMetric,FM151,CH336
FinancialMetric,FM279,CH336
FinancialMetric,FM338,CH336
FinancialMetric,FM539,CH336
FinancialMetric,FM581,CH336
FinancialMetric,FM822,CH336
FinancialMetric,FM832,CH336
FinancialMetric,FM069,CH337
FinancialMetric,FM074,CH337
FinancialMetric,FM216,CH337
FinancialMetric,FM305,CH337
FinancialMetric,FM643,CH337
FinancialMetric,FM644,CH337
FinancialMetric,FM731,CH337
FinancialMetric,FM804,CH337
FinancialMetric,FM448,CH338
FinancialMetric,FM558,CH338
FinancialMetric,FM617,CH338
FinancialMetric,FM766,CH338
FinancialMetric,FM809,CH338
FinancialMetric,FM829,CH338
FinancialMetric,FM833,CH338
FinancialMetric,FM601,CH340
FinancialMetric,FM088,CH341
FinancialMetric,FM398,CH342
FinancialMetric,FM152,CH343
FinancialMetric,FM337,CH343
FinancialMetric,FM390,CH343
FinancialMetric,FM574,CH344
FinancialMetric,FM676,CH344
FinancialMetric,FM511,CH345
FinancialMetric,FM514,CH345
FinancialMetric,FM736,CH345
FinancialMetric,FM737,CH346
Company,C003,CH012
Company,C002,CH027
Company,C003,CH030
Company,C003,CH032
Company,C001,CH041
Company,C002,CH041
Company,C003,CH083
Company,C003,CH084
Company,C003,CH091
Company,C003,CH092
Company,C003,CH097
Company,C003,CH099
Company,C005,CH115
Company,C005,CH171
Company,C005,CH172
Company,C005,CH174
Company,C005,CH176
Company,C005,CH178
Company,C005,CH182
Company,C005,CH183
Company,C005,CH184
Company,C005,CH186
Company,C005,CH189
Company,C005,CH194
Company,C005,CH198
Company,C001,CH199
Company,C001,CH229
Company,C001,CH231
Company,C001,CH240
Company,C003,CH245
Company,C003,CH269
Company,C004,CH278
Company,C004,CH280
Company,C006,CH294
Company,C006,CH295
Company,C006,CH300
Company,C006,CH303
Company,C006,CH304
Company,C006,CH317
Company,C006,CH322
Company,C006,CH327
Company,C006,CH336
Company,C006,CH343
Company,C006,CH346
